ï»¿clinic_name,first_name,last_name,email,phone,address,website,source_query
Aeolus Animal Hospital & Equine,,,eben@eyebytes.com,+1 (802) 362-2241,"îƒˆ 145 Harmony Ln, East Dorset, VT 05253, United States",http://aeolusvet.com,Google_Maps_veterinarian Bennington VT
Affectionately Cats,,,user@domain.com,+1 (802) 860-2287,"îƒˆ 60 Commerce St, Williston, VT 05495, United States",http://www.affectionatelycats.com,Google_Maps_veterinarian Williston VT
All Creatures Veterinary Clinic,,,,+1 (802) 496-7272,"îƒˆ 38 N Main St, Waterbury, VT 05671, United States",,Google_Maps_veterinarian Waterbury VT
All Points Animal Care,,,info@apacvet.com,+1 (802) 747-9088,"îƒˆ 170 N Main St, Rutland, VT 05701, United States",http://www.apacvet.com,Google_Maps_veterinarian Rutland VT
Animal Hospital South Woodstock,,,,+1 (802) 200-5235,"îƒˆ 23 Elm St South, Woodstock, VT 05091, United States",,Google_Maps_veterinarian Hartford VT
Animal Hospital of Hinesburg,,,hello@hinesburgvtvet.com,+1 (802) 557-0884,"îƒˆ 205 Commerce St, Hinesburg, VT 05461, United States",https://hinesburgvtvet.com,Google_Maps_veterinarian Shelburne VT
Animal Housecalls,,,,+1 (802) 872-0730,"îƒˆ 155 Osgood Hill Rd, Essex Junction, VT 05452, United States",https://allvetnearme.com/animal-housecalls,Google_Maps_veterinarian Essex VT
"Animal Sound, LLC",,,apm@animalsoundvet.com,+1 (802) 432-8359,"îƒˆ 288 Gully Rd, Woodstock, VT 05091, United States",http://animalsoundvet.com,Google_Maps_veterinarian Hartford VT
Animal Vet,,,,,"îƒˆ 2719-2815 Derby Line Rd, Derby, VT 05829, United States",,Google_Maps_veterinarian Derby VT
Arlington Animal Hospital,,,info@thearlingtonvet.com,+1 (802) 375-9491,"îƒˆ 3195 Vermont Rte 7a, Arlington, VT 05250, United States",http://www.thearlingtonvet.com,Google_Maps_veterinarian Bennington VT
Arlington Equine,,,beth@arlingtonequine.com,+1 (802) 375-9322,"îƒˆ 969 Trumbull Hill Rd, Shaftsbury, VT 05262, United States",http://www.arlingtonequine.com,Google_Maps_equine veterinarian Vermont
Barre Animal Hospital,,,,+1 (802) 476-4151,"îƒˆ 678 S Barre Rd, South Barre, VT 05670, United States",,Google_Maps_veterinarian Barre VT
Bear Swamp Veterinary Services,,,,+1 (802) 223-4171,"îƒˆ 107 E Bear Swamp Rd, Middlesex, VT 05602, United States",http://www.bearswampvet.com,Google_Maps_veterinarian Williston VT
Bobbin Mill Veterinary Services,,,madrivervet@gmail.com,+1 (802) 505-9639,"îƒˆ 209 Bobbin Mill Rd, Warren, VT 05674, United States",http://www.bobbinmillvet.com,Google_Maps_veterinarian Williston VT
Bradford Veterinary Clinic,,,bvcofficemanager@gmail.com,+1 (802) 222-4903,"îƒˆ 176 Waits River Rd, Bradford, VT 05033, United States",http://www.bradfordvet.com,Google_Maps_veterinarian Bradford VT
Brattleboro Veterinary Clinic,,,bratvet@yahoo.com,+1 (802) 254-8140,"îƒˆ 852 Marlboro Rd, Brattleboro, VT 05301, United States",https://brattleborovet.com,Google_Maps_veterinarian Brattleboro VT
Bristol Animal Hospital,,,hello@bristolvtvet.com,+1 (802) 588-7387,"îƒˆ 167 Monkton Rd, Bristol, VT 05443, United States",https://bristolvtvet.com,Google_Maps_veterinarian Williston VT
Burlington Emergency & Veterinary Specialists,,,info@bevsvt.com,+1 (802) 863-2387,"îƒˆ 1417 Marshall Ave, Williston, VT 05495, United States",https://bevsvt.com,Google_Maps_veterinarian Burlington VT
Burlington Equine Veterinary,,,bevet@gmavt.net,+1 (802) 425-5454,"îƒˆ 248 Plouffe Ln, Charlotte, VT 05445, United States",http://www.bevet.com,Google_Maps_veterinarian Williston VT
Castleton Corners Veterinary Clinic,,,castletonvetstaff@gmail.com,+1 (802) 468-5576,"îƒˆ 179 VT-30, Bomoseen, VT 05732, United States",http://www.castletoncornersveterinaryclinic.com,Google_Maps_veterinarian Hartford VT
Center Rutland Animal Hospital,,,,+1 (802) 773-7966,"îƒˆ 409 West St, Rutland, VT 05701, United States",https://myweb16.site/explore/center-rutland-animal-hospital,Google_Maps_veterinarian Rutland VT
Champlain Veterinary Clinic,,,contact@champlainvetclinic.com,+1 (802) 524-2051,"îƒˆ 298 S Main St, St Albans City, VT 05478, United States",http://champlainvetclinic.com,Google_Maps_veterinarian Williston VT
Chelsea Animal Hospital,,,,+1 (802) 685-3232,"îƒˆ 276 VT-110, Chelsea, VT 05038, United States",http://www.chelseaanimalhospital.com,Google_Maps_veterinarian Randolph VT
"Clarendon Animal Clinic: Grace Ma-Steenbergen, D.V.M.",,,matt@pixelspread.com,+1 (802) 775-4333,"îƒˆ 548 Rte 7b N, North Clarendon, VT 05759, United States",http://clarendonanimalclinic.com,Google_Maps_veterinarian Hartford VT
Cold Hollow Veterinary Services,,,,+1 (802) 933-2770,"îƒˆ 642 Lake Region Rd, Orleans, VT 05860, United States",http://coldhollowvets.com,Google_Maps_veterinarian Williston VT
Community Pet Clinic,,,clinic@hsccvt.org,+1 (802) 862-0135,"îƒˆ 57 N Champlain St, Burlington, VT 05401, United States",https://www.hsccvt.org/Clinic,Google_Maps_veterinarian Burlington VT
Country Animal Hospital,,,cah@countryah.com,+1 (802) 234-5999,"îƒˆ 1533 VT-107, Bethel, VT 05032, United States",http://countryanimalhospital.com,Google_Maps_animal hospital Vermont
Cross Border Equine Center Inc,,,crossborderequine@gmail.com,+1 (802) 885-4883,"îƒˆ 396 Parker Hill Rd, Springfield, VT 05156, United States",https://crossborderequine.com,Google_Maps_veterinarian Hartford VT
Derby Pond Animal Hospital,,,,,"îƒˆ 2757 US-5, Derby, VT 05829, United States",,Google_Maps_veterinarian Derby VT
Dorset Street Animal Hospital,,,,+1 (802) 221-3090,"îƒˆ 354 Dorset St, South Burlington, VT 05403, United States",,Google_Maps_veterinarian Burlington VT
East Haven Veterinary Service,,,ehvsoffice@gmail.com,+1 (802) 467-8700,"îƒˆ 465 School St, East Haven, VT 05837, United States",https://easthavenveterinary.com,Google_Maps_equine veterinarian Vermont
Eastwood Animal Clinic,,,info@eastwoodanimalclinicvt.com,+1 (802) 773-7711,"îƒˆ 298 US-4, Rutland, VT 05701, United States",https://www.eastwoodanimalclinicvt.com,Google_Maps_veterinarian Rutland VT
"Enosburg Veterinary Care, LLC",,,info@enosburgvet.com,+1 (802) 933-4533,"îƒˆ 33 Depot St, Enosburg Falls, VT 05450, United States",https://enosburgvet.com,Google_Maps_veterinarian Swanton VT
Equine Primary Care Veterinary Services,,,,,"îƒˆ 107 York Rd, Jericho, VT 05465, United States",,Google_Maps_equine veterinarian Vermont
Erin Longworth Performance Horses,,,zrbsquared+elph@gmail.com,+1 (802) 363-7644,"îƒˆ 25 Bernier Rd, Milton, VT 05468, United States",http://www.erinlongworthvt.com,Google_Maps_equine veterinarian Vermont
Essex Veterinary Center,,,welcome@essexvet.com,+1 (802) 879-1399,"îƒˆ 4 Oliver Wight Dr, Essex Junction, VT 05452, United States",https://www.essexvet.com,Google_Maps_veterinarian Essex VT
Evergreen Equine of Vermont,,,office@evergreenequinevt.com,+1 (802) 484-9100,"îƒˆ 5000 VT-44, Brownsville, VT 05037, United States",https://evergreenequinevt.com,Google_Maps_veterinarian Hartford VT
Fieldstone Equine Clinic,,,office@fieldstoneequine.com,+1 (802) 649-1110,"îƒˆ 425 VT-110, Tunbridge, VT 05077, United States",http://www.fieldstoneequine.com,Google_Maps_veterinarian Hartford VT
ForeFront Equine & Canine,,,info@forefrontequine.com,+1 (888) 772-9592,"îƒˆ 167 N Shrewsbury Rd, North Clarendon, VT 05759, United States",https://www.forefrontequine.com,Google_Maps_equine veterinarian Vermont
Gerda's Equine Rescue,,,gerdasequinerescue@gmail.com,+1 (802) 874-7213,"îƒˆ 5825 VT-30, Townshend, VT 05353, United States",https://gerdasequinerescue.org,Google_Maps_equine veterinarian Vermont
Goose City Veterinary Clinic,,,,+1 (802) 348-7918,"îƒˆ 16 Jenne Rd, East Dover, VT 05341, United States",,Google_Maps_veterinarian Wilmington VT
Green Mountain Animal Hospital,,,reception@greenmountainah.com,+1 (802) 862-7021,"îƒˆ 1693 Williston Rd, South Burlington, VT 05403, United States",https://greenmountainah.com,Google_Maps_veterinarian Burlington VT
Green Mountain Veterinary Hospital,,,,,"îƒˆ 29 Hearthstone Ln, Londonderry, VT 05148, United States",,Google_Maps_veterinarian Hartford VT
Green Mt Veterinary Hospital,,,greenmountain@greenmountainvet.com,+1 (802) 362-2620,"îƒˆ 48 Treat Hill Rd, Manchester Center, VT 05255, United States",http://greenmountainvet.com,Google_Maps_veterinarian Bennington VT
Gulliver's Doggie Daycare,,,desk@doggiedaycare.com,+1 (802) 860-1144,"îƒˆ 59 Industrial Ave, Williston, VT 05495, United States",http://www.doggiedaycare.com,Google_Maps_veterinarian Williston VT
Hardwick Veterinary Clinic,,,info@hardwickvet.com,+1 (802) 472-8400,"îƒˆ 64 N Main St, Hardwick, VT 05843, United States",http://www.hardwickvet.com,Google_Maps_veterinarian Williston VT
Hawkâ€™s Ridge Veterinary Services,,,juliecornelldvm@gmail.com,+1 (802) 379-4833,"îƒˆ 2367 S Stream Rd, Bennington, VT 05201, United States",https://www.facebook.com/Hawks-Ridge-Veterinary-Services-474120825939647,Google_Maps_veterinarian Bennington VT
Healing Paws House Calls Llc,,,,,"îƒˆ 630 Beaver Meadow Rd, Marshfield, VT 05658, United States",,Google_Maps_veterinarian Williston VT
Heart of Vermont Vet: At-Home End-of-Life Care for Pets,,,heartofvt@dvmcenter.com,+1 (802) 323-5200,"îƒˆ 652 Granger Rd Suite 4, Barre, VT 05641, United States",http://www.heartofvermontvet.com,Google_Maps_veterinarian Barre VT
Home Veterinary Services,,,,+1 (802) 899-3375,"îƒˆ 71 Milo White Rd, Jericho, VT 05465, United States",https://allvetnearme.com/home-veterinary-services-richmond,Google_Maps_veterinarian Williston VT
"Horse-Logic Animals, just like us, want to be seen and heard. And, when we listen magic happens!",,,,+1 (508) 846-5001,"îƒˆ 5134 VT RT 9 x-175, Marlboro, VT 05344, United States",https://mindful-connections.com/horses,Google_Maps_equine veterinarian Vermont
Humane Society Of Chittenden County,,,bestfriends@hsccvt.org,+1 (802) 862-0135,"îƒˆ 142 Kindness Ct, South Burlington, VT 05403, United States",https://www.hsccvt.org,Google_Maps_veterinarian Williston VT
Josh Lincoln,,,,+1 (802) 879-7984,"îƒˆ 7 River Cove Rd, Williston, VT 05495, United States",,Google_Maps_veterinarian Williston VT
Kedron Valley Veterinary Clinic,,,info@kedronvet.com,+1 (802) 457-3135,"îƒˆ 1205 W Woodstock Rd, Woodstock, VT 05091, United States",http://www.kedronvet.com,Google_Maps_veterinarian Hartford VT
Kingdom Animal Hospital,,,hello@vermontvets.com,+1 (802) 424-1234,"îƒˆ 131 Railroad St, St Johnsbury, VT 05819, United States",http://vermontvets.com,Google_Maps_veterinarian St. Johnsbury VT
Lamoille Valley Veterinary Services,,,info@lvvsonline.com,+1 (802) 888-7911,"îƒˆ 278 VT-15 E, Hyde Park, VT 05655, United States",http://www.lvvsonline.com,Google_Maps_veterinarian Williston VT
Large Animal Medical Associates,,,contact@lamavt.com,+1 (802) 879-4288,"îƒˆ 129 Main St, Essex Junction, VT 05452, United States",https://lamavt.com,Google_Maps_veterinarian Essex VT
Lazy Acres Equines,,,info@lazyacresequines.com,+1 (802) 236-5745,"îƒˆ 867 Pearl St, Brandon, VT 05733, United States",https://www.lazyacresequines.com,Google_Maps_equine veterinarian Vermont
Livery Horse Farm,,,user@domain.com,+1 (802) 373-1966,"îƒˆ 601 Lavigne Hill Rd, Hinesburg, VT 05461, United States",http://www.liveryhorsefarm.com,Google_Maps_equine veterinarian Vermont
Long Trail Veterinary Center,,,longtrailvc@yourvetdoc.com,+1 (802) 876-7333,"îƒˆ 7808 Williston Rd, Williston, VT 05495, United States",http://longtrailveterinarycenter.com,Google_Maps_veterinarian Williston VT
Lucy Mackenzie Humane Society,,,,+1 (802) 484-5829,"îƒˆ 4832 VT-44, West Windsor, VT 05089, United States",http://www.lucymac.org,Google_Maps_veterinarian Hartford VT
MacPhail Equine Dentistry,,,,+1 (802) 291-0354,"îƒˆ 284 Picknell Rd, Thetford Center, VT 05075, United States",http://www.macphailequinedentistry.com,Google_Maps_veterinarian Hartford VT
Mad River Veterinary Service,,,madvetinfo@madriver.com,+1 (802) 496-7272,"îƒˆ 637 Mill Brook Rd Bldg A, Waitsfield, VT 05673, United States",http://madriverveterinaryservice.com,Google_Maps_veterinarian Williston VT
Makahimo Kaha,,,,,"îƒˆ 133 E Mountain Rd, Killington, VT 05751, United States",,Google_Maps_veterinarian Hartford VT
Malletts Bay Veterinary Hospital,,,mallettsbayvet@gmail.com,+1 (802) 862-2472,"îƒˆ 460 Blakely Rd, Colchester, VT 05446, United States",http://www.mallettsbayvet.com,Google_Maps_veterinarian Burlington VT
Meadowbrook Equine,,,meadowbrookequine@gmail.com,+1 (802) 989-5846,"îƒˆ 47 Court St NO MAIL, Middlebury, VT 05753, United States",http://www.meadowbrookequinevt.com,Google_Maps_equine veterinarian Vermont
Middlebury Animal Hospital,,,middleburyah@gmail.com,+1 (802) 388-2691,"îƒˆ 139 Washington St Ext, Middlebury, VT 05753, United States",https://middleburyah.net,Google_Maps_veterinarian Hartford VT
Milton Veterinary Hospital,,,miltonvh@yourvetdoc.com,+1 (802) 893-4000,"îƒˆ 2 Chrisemily Ln, Milton, VT 05468, United States",http://miltonvethospital.com,Google_Maps_veterinarian Milton VT
Montpelier Veterinary Hospital,,,info@montpeliervet.com,+1 (802) 223-3220,"îƒˆ 403 Barre St, Montpelier, VT 05602, United States",http://montpelierveterinaryhospital.com,Google_Maps_veterinarian Williston VT
Mount Anthony Veterinary Hospital,,,mtanthonyvh@yourvetdoc.com,+1 (802) 442-4324,"îƒˆ 832 West Rd, Bennington, VT 05201, United States",http://mtanthonyvet.com,Google_Maps_veterinarian Bennington VT
Mount Ascutney Veterinary Services,,,mtascutneyvs@gmail.com,+1 (802) 674-2070,"îƒˆ 29 Harvest Park Rd, Ascutney, VT 05030, United States",https://mtascutneyvs.com,Google_Maps_veterinarian Hartford VT
Mountain View Animal Hospital,,,contact@vtvet.com,+1 (802) 879-6311,"îƒˆ 129 Main St, Essex Junction, VT 05452, United States",https://vtvet.com,Google_Maps_veterinarian Essex VT
Mountainside Mobile Veterinary Service,,,,+1 (802) 760-9959,"îƒˆ 560 Irish Settlement Rd, Underhill, VT 05489, United States",,Google_Maps_veterinarian Cambridge VT
Mt. Mansfield Animal Hospital,,,info@mountmansfieldah.com,+1 (802) 899-4013,"îƒˆ 19 W Main Cir, Jericho, VT 05465, United States",https://mountmansfieldah.com,Google_Maps_veterinarian Williston VT
NEK Community Animal Hospital,,,info@nekcahvt.com,+1 (802) 427-3307,"îƒˆ 710 Lynburke Rd, Lyndonville, VT 05851, United States",http://www.nekcahvt.com,Google_Maps_veterinarian Lyndon VT
NMK Buns and Bowls,,,,+1 (413) 824-1303,"îƒˆ 661 Vermont Rte 100, Wilmington, VT 05363, United States",http://www.nomadchefsvt.com,Google_Maps_veterinarian Wilmington VT
"Nelson Veterinary Associates, Inc",,,user@domain.com,+1 (802) 334-3345,"îƒˆ 378 Prouty Dr, Newport, VT 05855, United States",http://www.nelsonveterinary.com,Google_Maps_veterinarian Newport VT
Newbury Veterinary Clinic,,,newburyvetclinic@gmail.com,+1 (802) 866-5354,"îƒˆ 3890 US-5, Newbury, VT 05051, United States",http://www.newburyvetclinic.com,Google_Maps_veterinarian Cambridge VT
Newport Veterinary Hospital,,,newportveterinaryhospital@gmail.com,+1 (802) 334-2655,"îƒˆ 218 VT-105, Newport, VT 05855, United States",https://www.newportvethospital.com,Google_Maps_veterinarian Morrisville VT
North Country Veterinary Clinic,,,,+1 (802) 626-9382,"îƒˆ 564 Main St, Lyndonville, VT 05851, United States",,Google_Maps_veterinarian Lyndon VT
Northwest Veterinary Associates Inc,,,,+1 (802) 524-3222,"îƒˆ 6 Fairfield Hill Rd, St Albans City, VT 05478, United States",http://www.nwvetvt.com,Google_Maps_veterinarian Williston VT
Norwich Regional Animal Hospital,,,nrah@yourvetdoc.com,+1 (802) 296-2273,"îƒˆ 13 Fogg Farm Rd, White River Junction, VT 05001, United States",http://norwichanimal.com,Google_Maps_veterinarian Hartford VT
Old North End Vet Clinic,,,crystal.b@oldnorthendvet.com,+1 (802) 658-2202,"îƒˆ 57 N Champlain St, Burlington, VT 05401, United States",http://www.oldnorthendvet.com,Google_Maps_veterinarian Burlington VT
Onion River Animal Hospital,,,hello@orahvt.com,+1 (802) 223-7765,"îƒˆ 2386 Airport Rd, Barre, VT 05641, United States",https://onionriveranimalhospital.com,Google_Maps_veterinarian Barre VT
Orchard Veterinary Hospital,,,orchardvh@yourvetdoc.com,+1 (802) 658-2273,"îƒˆ 1333 Shelburne Rd, South Burlington, VT 05403, United States",http://orchardvetvt.com,Google_Maps_veterinarian Burlington VT
Otterside Animal Hospital,,,info@ottersideanimalhospital.com,+1 (802) 247-3335,"îƒˆ 28 Conant Square, Brandon, VT 05733, United States",https://ottersideanimalhospital.com,Google_Maps_veterinarian Hartford VT
Oxbow Veterinary Clinic,,,,+1 (802) 222-4635,"îƒˆ 272 Depot St, Bradford, VT 05033, United States",https://oxbowvetclinic.com,Google_Maps_veterinarian Bradford VT
Peak Veterinary Referral Center,,,,+1 (802) 878-2022,"îƒˆ 158 Hurricane Ln, Williston, VT 05495, United States",https://www.peakveterinary.com,Google_Maps_veterinarian Burlington VT
Poultney Veterinary Hospital,,,email.poultneyvets@gmail.com,+1 (802) 287-9292,"îƒˆ 330 E Main St, Poultney, VT 05764, United States",http://www.poultneyvets.com,Google_Maps_veterinarian Hartford VT
Pullman Farm,,,,+1 (802) 379-9070,"îƒˆ 969 Trumbull Hill Rd, Shaftsbury, VT 05262, United States",,Google_Maps_livestock vet Vermont
Qi Veterinary Clinic,,,info@qivet.com,+1 (802) 951-8800,"îƒˆ 140 Webster Rd, Shelburne, VT 05482, United States",http://www.qiveterinaryclinic.com,Google_Maps_veterinarian Burlington VT
Queen City Veterinary Internal Medicine,,,info@qcvim.com,+1 (802) 341-8477,"îƒˆ 21 Gregory Dr #150, South Burlington, VT 05403, United States",https://queencityveterinaryinternalmedicine.com,Google_Maps_veterinarian Burlington VT
Randolph Animal Hospital,,,,+1 (802) 728-3266,"îƒˆ 1145 VT-66, Randolph, VT 05060, United States",http://randolphanimalhospital.net,Google_Maps_veterinarian Randolph VT
Randolph Regional Veterinary Hospital,,,,+1 (802) 728-3505,"îƒˆ 86 Dylan Dr, Randolph, VT 05060, United States",,Google_Maps_veterinarian Randolph VT
Richmond Animal Hospital,,,info@richmondanimalhospitalvt.com,+1 (802) 434-4935,"îƒˆ 233 E Main St, Richmond, VT 05477, United States",https://www.richmondanimalhospitalvt.com,Google_Maps_veterinarian Williston VT
River Cove Animal Hospital,,,rivercove@rivercove.net,+1 (802) 879-7984,"îƒˆ 7 River Cove Rd, Williston, VT 05495, United States",https://rivercove.net,Google_Maps_veterinarian Burlington VT
River Road Veterinary Clinic,,,rrvcvt@gmail.com,+1 (802) 649-3877,"îƒˆ 445 Rte 5 N, Norwich, VT 05055, United States",http://riverroadveterinary.com,Google_Maps_veterinarian Hartford VT
Riverside Veterinary Care and Dental Services,,,riversidevetcare@gmail.com,+1 (802) 773-4771,"îƒˆ 159 River St, Rutland, VT 05701, United States",http://www.riversidevetcare.com,Google_Maps_veterinarian Rutland VT
Riverside's Ludlow Veterinary Clinic,,,riversidevetcare@gmail.com,+1 (802) 228-5700,"îƒˆ 72 Pond St, Ludlow, VT 05149, United States",http://riversidevetcare.com,Google_Maps_veterinarian Hartford VT
Rockingham veterinary,,,,+1 (802) 875-3985,"îƒˆ Lower Bartonsville Rd, Bellows Falls, VT 05101, United States",https://rockinghamvet.com,Google_Maps_veterinarian Rockingham VT
Rutland Veterinary Clinic & Surgical Center,,,info@rutlandvet.com,+1 (802) 773-2779,"îƒˆ 90 E Pittsford Rd, Rutland, VT 05701, United States",https://rutlandvet.com,Google_Maps_veterinarian Rutland VT
Ryegate Small Animal Hospital,,,clients@ryegatevet.com,+1 (802) 633-3660,"îƒˆ 54 Moore Ln, Ryegate, VT 05042, United States",https://ryegatevet.com,Google_Maps_equine veterinarian Vermont
Sanasi Nabimo,,,,,"îƒˆ 18 Windywood Rd, Barre, VT 05641, United States",,Google_Maps_veterinarian Barre VT
Sequist Animal Hospital,,,hello@sequistvet.com,+1 (802) 888-7776,"îƒˆ 147 Stancliff Rd, Morristown, VT 05661, United States",http://sequistvet.com,Google_Maps_veterinarian Morrisville VT
Sequist Large Animal Vet Services,,,,+1 (802) 888-2466,"îƒˆ 147 Stancliff Rd, Morristown, VT 05661, United States",https://allvetnearme.com/sequist-large-animal-vet-services,Google_Maps_veterinarian Williston VT
Shaw's,,,,+1 (802) 464-2161,"îƒˆ 97 E Main St, Wilmington, VT 05363, United States",https://local.shaws.com/vt/wilmington/97-e-main-st.html,Google_Maps_veterinarian Wilmington VT
Shelburne Veterinary Hospital,,,,+1 (802) 985-2525,"îƒˆ 3053 Shelburne Rd, Shelburne, VT 05482, United States",https://shelburneveterinaryhospital.com,Google_Maps_veterinarian Burlington VT
Southern VT Equine Veterinary,,,,+1 (802) 442-9099,"îƒˆ 1265 US-7, Bennington, VT 05201, United States",https://allvetnearme.com/southern-vt-equine-veterinary,Google_Maps_veterinarian Bennington VT
Springfield Animal Hospital,,,springfieldah-vt@yourvetdoc.com,+1 (802) 885-2505,"îƒˆ 346 River St, Springfield, VT 05156, United States",http://springfieldanimalhospitalvt.com,Google_Maps_veterinarian Hartford VT
St Johnsbury Animal Hospital,,,,+1 (802) 748-5634,"îƒˆ 229 Portland St, St Johnsbury, VT 05819, United States",,Google_Maps_veterinarian St. Johnsbury VT
Stonecliff Veterinary Clinic,,,,+1 (802) 613-3958,"îƒˆ 46 State St, Montpelier, VT 05602, United States",,Google_Maps_veterinarian Williston VT
Stowe Veterinary Clinic,,,micah@micahrich.com,+1 (802) 253-6800,"îƒˆ 1606 Pucker St, Stowe, VT 05672, United States",http://stowevet.com,Google_Maps_veterinarian Williston VT
Sugar Maple Veterinary Center,,,hello@sugarmaplevet.com,+1 (802) 404-8210,"îƒˆ 66 Knight Ln Suite 10, Williston, VT 05495, United States",https://www.sugarmaplevet.com,Google_Maps_veterinarian South Burlington VT
Sugar Run Equine Veterinary Services PLC,,,user@domain.com,+1 (802) 888-2466,"îƒˆ 171 Stancliff Rd, Morristown, VT 05661, United States",https://srevs.com/contact,Google_Maps_veterinarian Morrisville VT
Sunset Lake CBD,,,,+1 (802) 662-5518,"îƒˆ 6 South St, South Hero, VT 05486, United States",https://marketing3x3company.one/auth/0200/a.html,Google_Maps_veterinarian South Hero VT
Tanneberger Veterinary Hospital,,,tannebergervh@yourvetdoc.com,+1 (802) 524-2001,"îƒˆ 997 Fairfax Rd, St Albans City, VT 05478, United States",http://tannebergervet.com,Google_Maps_veterinarian Williston VT
The Animal Doctor,,,,+1 (802) 334-1503,"îƒˆ 56 Eastern Ave, Newport Center, VT 05857, United States",https://allvetnearme.com/animal-doctor-newport,Google_Maps_veterinarian Newport VT
The Boarding Spot,,,theboardingspot@gmail.com,+1 (802) 446-2525,"îƒˆ 140 White Rocks Picnic Rd, Wallingford, VT 05773, United States",https://tarabulltay.wixsite.com/theboardingspot,Google_Maps_veterinarian Hartford VT
"The Holistic Vet of Vermont, LLC",,,user@domain.com,+1 (802) 560-5131,"îƒˆ 1070 W Main St Suite #2, Richmond, VT 05477, United States",https://www.holisticvetvt.com,Google_Maps_veterinarian Williston VT
"The Integrated Equine, LLC",,,drjen@theintegratedequine.com,+1 (802) 375-4335,"îƒˆ 7149 VT-106, Reading, VT 05062, United States",http://theintegratedequine.com,Google_Maps_equine veterinarian Vermont
USDA Veterinary Services,,,,+1 (802) 868-2556,"îƒˆ Highgate Rd, Swanton, VT 05488, United States",,Google_Maps_veterinarian Swanton VT
"USDA, APHIS, Veterinary Services",,,,+1 (802) 868-2556,"îƒˆ 480 Welcome Center Rd, Swanton, VT 05488, United States",,Google_Maps_veterinarian Swanton VT
Under the Weather Pet,,,abbey@undertheweatherpet.com,+1 (844) 633-1217,"îƒˆ 1360 Marshall Ave, Williston, VT 05495, United States",http://undertheweatherpet.com,Google_Maps_veterinarian Williston VT
VCA Brown Animal Hospital,,,,+1 (802) 862-6471,"îƒˆ 8 Calkins Ct, South Burlington, VT 05403, United States",https://vcahospitals.com/brown,Google_Maps_veterinarian Burlington VT
VCA Fitzgerald Animal Hospital,,,,+1 (802) 654-6800,"îƒˆ 220 S Park Dr, Colchester, VT 05446, United States",https://vcahospitals.com/fitzgerald,Google_Maps_veterinarian Burlington VT
VCA Windham Animal Hospital,,,,+1 (802) 254-9412,"îƒˆ 19 Noahs Ln, Brattleboro, VT 05301, United States",https://vcahospitals.com/windham,Google_Maps_veterinarian Brattleboro VT
VEG ER for Pets,,,example@mysite.com,+1 (802) 255-4032,"îƒˆ 225 Dorset St suite a, South Burlington, VT 05403, United States",https://www.veg.com/locations/vermont/burlington,Google_Maps_veterinarian Burlington VT
VT NH Veterinary Clinic,,,vtnhvet@vtnhvet.com,+1 (802) 254-5422,"îƒˆ 38 East-West Rd, East Dummerston, VT 05346, United States",http://vtnhvet.com,Google_Maps_veterinarian Wilmington VT
Valley Animal Hospital,,,,+1 (802) 496-3006,"îƒˆ 6969 Main St, Waitsfield, VT 05673, United States",https://myweb16.site/explore/valley-animal-hospital-waitsfield,Google_Maps_veterinarian Williston VT
Valleywide Veterinary Services,,,valleywidevets@gmail.com,+1 (802) 758-6888,"îƒˆ 2562 Vermont, VT-22A, Bridport, VT 05734, United States",http://www.valleywidevets.com,Google_Maps_veterinarian Hartford VT
Veremedy Pet Hospital,,,veremedyph@yourvetdoc.com,+1 (802) 457-2229,"îƒˆ 442 Woodstock Rd, Woodstock, VT 05091, United States",https://veremedy.com,Google_Maps_veterinarian Hartford VT
Vermont Animal Hospital,,,ahjcorporation@gmail.com,+1 (213) 263-9500,"îƒˆ 1502 S Vermont Ave, Los Angeles, CA 90006, United States",https://www.vermontanimalhospital.com,Google_Maps_animal hospital Vermont
Vermont Large Animal Clinic,,,office@vlac.net,+1 (802) 893-6800,"îƒˆ 1054 Lake Rd, Milton, VT 05468, United States",http://www.vlac.net,Google_Maps_veterinarian Milton VT
Vermont Veterinary Eye Care,,,info@bevsvt.com,+1 (802) 404-3937,"îƒˆ 1417 Marshall Ave, Williston, VT 05495, United States",https://bevsvt.com/pet-ophthalmology-williston-vt,Google_Maps_veterinarian Williston VT
Vermont Veterinary Medical Association,,,katherineg@vtvets.org,+1 (802) 878-6888,"îƒˆ 76 Beech St, Essex Junction, VT 05452, United States",https://www.vtvets.org,Google_Maps_equine veterinarian Vermont
Veterinarian Fairlee,,,,+1 (802) 200-0108,"îƒˆ 702 Middlebrook Rd, Fairlee, VT 05045, United States",,Google_Maps_veterinarian Hartford VT
Veterinarian White River Junction,,,,+1 (802) 200-0032,"îƒˆ 85 N Main St, White River Junction, VT 05001, United States",,Google_Maps_veterinarian White River Junction VT
Veterinary Surgery of Vermont,,,user@domain.com,+1 (802) 990-3200,"îƒˆ 21 Gregory Dr #150, South Burlington, VT 05403, United States",https://www.vetsurgeryvt.com,Google_Maps_veterinarian Burlington VT
VetriScience Laboratories,,,info@vetriscience.com,+1 (802) 878-5508,"îƒˆ 929 Harvest Ln, Williston, VT 05495, United States",https://www.vetriscience.com,Google_Maps_veterinarian Williston VT
Waterbury Veterinary Hospital,,,info@waterburyvethospital.com,+1 (802) 244-5452,"îƒˆ 2597 Waterbury-Stowe Rd, Waterbury Center, VT 05677, United States",https://www.waterburyvethospital.com,Google_Maps_veterinarian Williston VT
West River Valley Veterinary Service,,,,+1 (802) 365-9362,"îƒˆ 720 VT-30, Newfane, VT 05345, United States",http://www.westrivervalleyvet.com,Google_Maps_veterinarian Hartford VT
Westminster Animal Hospital,,,,+1 (802) 722-4196,"îƒˆ 5052 US-5, Westminster, VT 05158, United States",https://www.facebook.com/WestminsterAnimalHospital,Google_Maps_animal hospital Vermont
Woodstock Animal Hospital,,,,+1 (802) 457-4545,"îƒˆ 560 W Woodstock Rd, Woodstock, VT 05091, United States",http://www.woodstockanimalhospitalvt.com,Google_Maps_veterinarian Woodstock VT
Windsor Pet Dental PLC,James,(Mike) McIntire,,+1 (802) 777-1575,"2326 US Route 5 N, Windsor, Vermont, 05089",http://www.vetsinwindsor.com,VVMA_directory
Rebecca Allen DVM,Rebecca,Allen,,+1 (802) 922-7754,"2204 Jersey St., Vergennes, Vermont, 05491",,VVMA_directory
Vergennes Animal Hospital: Wurm Anja DVM,Vergennes,Animal Hospital: Wurm Anja,info@vergennesah.com,+1 (802) 877-3371,"îƒˆ 20 Main St, Vergennes, VT 05491, United States",https://vergennesah.com,Google_Maps_veterinarian Williston VT
Rich Armstrong,Richard,Armstrong,,+1 (802) 999-4379,"324 Black Dog Lane, Hinesburg, Vermont, 05461",,VVMA_directory
Kristian Ash,Kristian,Ash,,+1 (802) 878-2022,"158 Hurricane Lane, Williston, Vermont, 05495",http://www.peakveterinaryreferral.com,VVMA_directory
Laura Audette,Laura,Audette,,+1 (802) 505-7604,"549 Route 2, Danville, Vermont, 05828",,VVMA_directory
Susan Averill,Susan,Averill,,+1 (802) 862-6471,"8 Calkins Court, South Burlington, Vermont, 05403",,VVMA_directory
"William A. Barry, DVM",William,Barry,,+1 (802) 276-3111,"474 Dr. Barry Road, Brookfield, Vermont, 05036",,VVMA_directory
"William Barry, DVM",William,Barry,,+1 (802) 276-3111,"îƒˆ 474 Dr Barry St, Brookfield, VT 05036, United States",https://www.williambarrydvm.com,Google_Maps_equine veterinarian Vermont
Emma Basham,Emma,Basham,,+1 (802) 685-3232,"PO Box 277, Chelsea, Vermont, 05038",,VVMA_directory
Rick,Frederick,Baum,,+1 (802) 375-9491,"3195 VT Route 7A, Arliington, Vermont, 05250",http://www.thearlingtonvet.com,VVMA_directory
John Bergeson,John,Bergeson,,+1 (802) 524-2001,"997 Fairfax Road, St. Albans, Vermont, 05478",,VVMA_directory
Black Betty Jo DVM,Black,Betty Jo,,+1 (802) 685-3232,"îƒˆ 276 VT-110, Chelsea, VT 05038, United States",https://allvetnearme.com/black-betty-jo-dvm,Google_Maps_veterinarian Hartford VT
Jen Bevilacqua,Jen,Bevilacqua,,,"7149 Route 106, Reading, Vermont, 05062",http://www.theintegratedequine.com,VVMA_directory
"Liam Bisson, DVM",Liam,Bisson,,+1 (802) 985-2525,"3053 Shelburne Road, Shelburne, Vermont, 05482",http://www.shelburneveterinaryhospital.com,VVMA_directory
Ruth Blauwiekel,Ruth,Blauwiekel,,,"436 Sunderland Woods, COLCHESTER, Vermont, 05446",,VVMA_directory
"Emily Bond, DVM",Emily,Bond,,+1 (802) 888-7776,"147 Stancliff Road, Morrisville, Vermont, 05661",,VVMA_directory
Dr. Rachel Brodlie,Rachel,Brodlie,,+1 (802) 893-4000,"PO Box 187, Milton, Vermont, 05468",http://www.miltonvethospital.com,VVMA_directory
Dr Pam Brown,Pam,Brown,,+1 (802) 862-0135,"143 Kindness Court, South Burlington, Vermont, 05403",,VVMA_directory
Trellis Pet Care,Brad,Burrington,,+1 (802) 457-7390,"170 Hewitt Street, North Pomfret, Vermont, 05053",http://www.trellispetcare.com,VVMA_directory
Dr. Kyle Bushee,Kyle,Bushee,,+1 (802) 362-2620,"48 Treat Hill Road, Manchester, Vermont, 05255",,VVMA_directory
"Anne M. Carroll, DVM",Anne,Carroll,,+1 (802) 685-3232,"276 VT Route 110, PO Box 277, Chelsea, Vermont, 05038",http://www.chelseaanimalhospital.com,VVMA_directory
Marie Casiere,Marie,Casiere,,,"NA, Lyndonville, Vermont, 05855",,VVMA_directory
Rupert Veterinary Clinic,Eugene,Ceglowski,,+1 (802) 394-7759,"PO Box 38, Rupert, Vermont, 05768",,VVMA_directory
Heather,Heather,Christian,,+1 (802) 468-5576,"P.O. Box 447, Bomoseen, Vermont, 05732",,VVMA_directory
St Clair Katherine E DVM,St,Clair Katherine E,,+1 (802) 766-2222,"îƒˆ RR 5, Derby, VT 05829, United States",,Google_Maps_veterinarian Derby VT
Kristen Clapp,Kristen,Clapp,,+1 (802) 875-5445,"PO Box 767, Chester, Vermont, 05143",http://www.uppervalleyequine.com,VVMA_directory
Dr Cook,Amy,Cook,,+1 (802) 866-5354,"3890 Rte 5 North, Newbury, Vermont, 05051",,VVMA_directory
Shannon Craig DVM,Shannon,Craig,,+1 (802) 748-3407,"îƒˆ 226 Sadie Roberts Rd, St Johnsbury, VT 05819, United States",,Google_Maps_veterinarian St. Johnsbury VT
Amy Davenport,Amy,Davenport,,,"818 Waldo Lane, Wallingford, Vermont, 05773",,VVMA_directory
retired,Vincent,DiBernardo,,+1 (802) 875-3985,"Rockingham Veterinary Clinic, Chester, Vermont, 05143",,VVMA_directory
Gregory Dowd,Gregory,Dowd,,+1 (802) 375-9322,"969 Trumbull Hill Road, Arlington, Vermont, 05250",http://www.arlingtonequine.com,VVMA_directory
Dr. Meg Falcone,Meg,Falcone,,+1 (802) 484-5829,"PO Box 702, Brownsville, Vermont, 05037",,VVMA_directory
Lynn Fisher Veterinary Services PLLC,Lynn,Fisher,,,,,VVMA_directory
"Colleen Flaherty, The Holistic Vet of Vermont",Colleen,Flaherty,,+1 (802) 560-5131,"PO Box 12, Richmond, Vermont, 05477",http://holisticvetvt.com,VVMA_directory
"Randy Frantz, DVM",Randy,Frantz,,+1 (802) 425-5454,"248 Plouffe Lane, Charlotte, Vermont, 05445",http://www.bevet.com,VVMA_directory
Paula Gamache,Paula,Gamache,,+1 (802) 524-3620,"17 Prospect St., Saint Albans, Vermont, 05478",,VVMA_directory
Hailey Gentile,Hailey,Gentile,,+1 (802) 334-2655,"218 VT Route 105, Newport, Vermont, 05855",,VVMA_directory
"Seaside Veterinary Services, LLC",Judith,Glowicz,,+1 (401) 932-4372,"Seaside Veterinary Services, North Troy, Vermont, 05859",,VVMA_directory
Amber Goodwin,Amber,Goodwin,,+1 (802) 893-4000,"2 Chrisemily Lane, Milton, Vermont, 05468",,VVMA_directory
Marielle Goossens,Marielle,Goossens,,+1 (802) 578-1393,"158 Charles Rd, Williston, Vermont, 05495",http://www.peakveterinaryreferral.com,VVMA_directory
Waterbury Animal Hospital,Kristen,Guldbech,,,,,VVMA_directory
Shannon Guy,Shannon,Guy,,+1 (802) 375-9322,"969 Trumbull Hill Rd, Shaftsbury, Vermont, 05262",http://www.arlingtonequine.com,VVMA_directory
Kristin M Haas,Kristin,Haas,,,"N/A, N/A, Vermont, N/A",,VVMA_directory
John L Hadden,Roy,Hadden,,+1 (802) 496-3006,"6969 Main Street, Waitsfield, Vermont, 05673",,VVMA_directory
Gentile Hailey DVM,Gentile,Hailey,,+1 (802) 334-2655,"îƒˆ 246 VT-105, Newport, VT 05855, United States",https://allvetnearme.com/gentile-hailey-dvm,Google_Maps_veterinarian Derby VT
Haley Harasimowicz,Haley,Harasimowicz,,+1 (802) 878-2022,"158 Hurricane Lane, Williston, Vermont, 05495",,VVMA_directory
Ali Harris,Alison,Harris,,+1 (802) 557-0884,"Animal Hospital of Hinesburg, Hinesburg, Vermont, 05461",,VVMA_directory
"Keely Henderson, DVM",Keely,Henderson,,+1 (802) 453-5795,"41 Orchard Road South, Lincoln, Vermont, 05443",,VVMA_directory
Caroline,Caroline,Horn,,+1 (802) 871-2329,"1058 Sunset Hill Road, Williston, Vermont, 05495",http://pawsathomevt.com,VVMA_directory
None,Paul,Howard,,+1 (802) 999-7842,"232 Appletree Point Road, Burlington, Vermont, 05408",,VVMA_directory
Brian Howlett,Brian,Howlett,,+1 (802) 623-6584,"80 Gibeault Road, Whiting, Vermont, 05778",,VVMA_directory
Dr. Brian C. Hurley,Brian,Hurley,,,"8610 N New Braunfels Ave, San Antonio, Texas, 78217",,VVMA_directory
Northeast Consulting,Joanne,Huyler,,+1 (413) 320-2398,"PO Box 139, Mirror Lake, New Hampshire, 03853",,VVMA_directory
"Linda I. Morris, DVM",Linda,I. Morris,,+1 (802) 447-7723,"îƒˆ 1726 Harwood Hill Rd, Bennington, VT 05201, United States",http://wmah.net,Google_Maps_veterinarian Bennington VT
Hudson J Kelly DVM,Hudson,J Kelly,,+1 (802) 442-4324,"îƒˆ 832 West Rd, Bennington, VT 05201, United States",,Google_Maps_veterinarian Bennington VT
Sandra Jex DVM,Sandra,Jex,,+1 (603) 756-4731,"6 Walker Road, Walpole, New Hampshire, 03608",,VVMA_directory
Frog Hollow Vet,Betty,Jo Black,,+1 (802) 461-6349,"2955 Miller Pond Road, Thetford Center, Vermont, 05075",,VVMA_directory
Dianne Johnson,Dianne,Johnson,,+1 (802) 417-2111,"2762 Shunpike Rd, MOUNT HOLLY, Vermont, 05758",http://www.cloveracresvet.com,VVMA_directory
Susan Johnson,Susan,Johnson,,+1 (802) 287-9292,"330 East Main Street, Poultney, Vermont, 05764",http://www.poultneyvets.com,VVMA_directory
Jessica Jones,Jessica,Jones,,+1 (802) 234-5999,"1533 VT Route 107, Bethel, Vermont, 05032",http://www.countryanimalhospital.com,VVMA_directory
Henderson Keely DVM,Henderson,Keely,,+1 (802) 453-5795,"îƒˆ Lincoln, VT 05443, United States",,Google_Maps_equine veterinarian Vermont
"Bill Kellner, DVM, DAVDC",Bill,"Kellner, , DAVDC",info@bevsvt.com,+1 (802) 863-2387,"îƒˆ Burlington Emergency & Veterinary Specialists, 1417 Marshall Ave, Williston, VT 05495, United States",https://bevsvt.com/specialty-services/dentistry,Google_Maps_veterinarian Williston VT
Limping Dog Farm,Kurt,Kenney,,+1 (802) 482-2955,"57 Pearl Street, Brandon, Vermont, 05733",,VVMA_directory
Lindemuth Kerry A DVM,Lindemuth,Kerry A,,+1 (802) 862-7021,"îƒˆ 1693 Williston Rd, South Burlington, VT 05403, United States",,Google_Maps_veterinarian South Burlington VT
Will,Will,Kieber,,+1 (802) 866-5354,"3890 route 5 north, newbury, Vermont, 05051",,VVMA_directory
"Raymond Koch, DVM",Raymond,Koch,,+1 (802) 375-8378,"3763 River Road, Arlington, Vermont, 05250",,VVMA_directory
Laura M Ladds,Laura,Ladds,,+1 (802) 397-8189,"549, Danville, Vermont, 05828",http://www.vt-can.org,VVMA_directory
IndeVets,Danielle,Lafave,,+1 (833) 463-3838,"PO Box 301, Thetford Hill, Vermont, 05074",http://www.IndeVets.com,VVMA_directory
Retired from Cat Spay and Neuter Clinic,Peggy,Larson,,,"Williston, Vermont, 05495",,VVMA_directory
Riverbend Veterinary Clinic,Barbara,LeClair,,+1 (603) 298-8381,"7 River Road, Plainfield, New Hampshire, 03781",http://www.riverbendvets.com,VVMA_directory
Mat,Mathias,Leblanc,,+1 (802) 404-8210,"119 Katie Ln, Williston, Vermont, 05495",http://www.sugarmaplevet.com,VVMA_directory
Brianna Letaw,Brianna,Letaw,,+1 (802) 588-7387,"167 Monkton Rd, Bristol, Vermont, 05443",,VVMA_directory
Garrett Levin,Garrett,Levin,,+1 (802) 585-2900,"PO Box 516, Shelburne, Vermont, 05482",http://www.ascendveterinarysurgery.com,VVMA_directory
Rich,Richard,Levine,,+1 (732) 330-4294,"70 Homestead Lane, Waterbury Center, Vermont, 05677",,VVMA_directory
Denise I Long,Denise,Long,,+1 (802) 860-2287,"60 Commerce Street, Williston, Vermont, 05495",,VVMA_directory
Grace Ma-Steenbergen,Grace,Ma-Steenbergen,,+1 (802) 775-4333,"548 VT Route 7B N, North Clarendon, Vermont, 05759",,VVMA_directory
Dr. Catherine MacLean,Catherine,MacLean,,+1 (603) 865-5532,"15 Yankee Barn Road, Grantham, New Hampshire, 03753",http://www.SugarRiverAnimalHospital.com,VVMA_directory
Green Mountain Bovine Clinic,Stephen,Major,,+1 (603) 256-8400,"27 Bovine Blvd., West Chesterfield, New Hampshire, 3466",http://greenmountainbovineandequine.com,VVMA_directory
Dr. Sarah Marak,Sarah,Marak,,+1 (802) 524-2051,"298 South Main Street, St. Albans, Vermont, 05478",,VVMA_directory
Dr. H. Mark Saunders,H.,Mark Saunders,,+1 (802) 985-5315,"148 Cheesefactory Lane, Shelburne, Vermont, 5482",http://www.lynks-group.com,VVMA_directory
Dr. Allana Mather,Allana,Mather,,+1 (802) 899-4013,"6 S. Main St., Jericho, Vermont, 05465",http://www.mountmansfieldah.com,VVMA_directory
Three Rivers Equine Vet,Tyler,McGill,,+1 (802) 424-1036,"PO Box 663, St Johnsbury, Vermont, 05819",,VVMA_directory
Elena McSherry,Elena,McSherry,,,"110 Charlotte Street, Burlington, Vermont, 05401",,VVMA_directory
Dr. Simone Meertens,Simone,Meertens,,+1 (802) 862-7021,"1693 Williston Road, So. Burlington, Vermont, 05403",http://www.greenmountainah.com,VVMA_directory
Betsy,Betsy,Meinhardt,,+1 (802) 453-2191,"Bristol Animal Hospital, Bristol, Vermont, 05443",http://www.hinesburgbristolvet.com,VVMA_directory
Borador Animal Hospital,Mary,Menard,,+1 (518) 854-3005,"4321 State Route 22, Salem, New York, 12865",http://boradoranimalhospital.com,VVMA_directory
Jackie Miley,Jackie,Miley,,+1 (802) 933-4533,"33 Depot Street, Enosburg Falls, Vermont, 05450",,VVMA_directory
Elizabeth Miquel,Elizabeth,Miquel,,,"3 Debra Drive, Essex Junction, Vermont, 05452",http://www.essexvet.com,VVMA_directory
Mischler Veterinary Services,Scott,Mischler,,+1 (518) 563-3606,"3 Wildflower Lane, MORRISONVILLE, New York, 12962",,VVMA_directory
Cats Vermont,Linda,Moore,,+1 (802) 863-2470,"292 Pearl St., Burlington, Vermont, 05401",,VVMA_directory
Linda I. Morris,Linda,Morris,,+1 (802) 447-7723,"1726 Harwood Hill, Bennington, Vermont, 5201",http://www.wmah.net,VVMA_directory
West Mountain Animal Hospital: Pence Suzy DVM,West,Mountain Animal Hospital: Pence Suzy,,+1 (802) 447-7723,"îƒˆ 1726 Harwood Hill Rd, Bennington, VT 05201, United States",https://wmah.net,Google_Maps_veterinarian Bennington VT
,Thomas,Munschauer,,+1 (802) 388-2691,"Middlebury, Vermont, 05753",http://www.middleburyah.net,VVMA_directory
Dr. Sarah Murawski,Sarah,Murawski,,+1 (802) 728-3505,"86 Dylan Drive, Randolph, Vermont, 05060",http://www.randolphregionalvet.com,VVMA_directory
Alex Murphy,Alexandra,Murphy,,+1 (802) 334-2655,"218 VT Route 105, Newport, Vermont, 05855",,VVMA_directory
Mc Namara Tamera DVM,Mc,Namara Tamera,,+1 (802) 254-5422,"îƒˆ 38 East-West Rd, East Dummerston, VT 05346, United States",,Google_Maps_equine veterinarian Vermont
Andrea Neiley,Andrea,Neiley,,+1 (802) 722-4196,"5052 US Route 5, Westminster Station, Vermont, 05159",,VVMA_directory
Erin Nelson,Erin,Nelson,,+1 (802) 597-9656,"PO Box 336, Ryegate, Vermont, 05042",,VVMA_directory
Dr. Susan L. Nelson,Susan,Nelson,,+1 (802) 334-3345,"378 Prouty Drive, Newport, Vermont, 05855",http://nelsonveterinary.com,VVMA_directory
Nicolas Drolet,J.,Nicholas Drolet,,+1 (802) 223-3220,"403 Barre Street, Montpelier, Vermont, 05602",http://www.montpelierveterinaryhospital.com,VVMA_directory
Dr. Renee Novello,Renee,Novello,,+1 (802) 674-6711,"îƒˆ 289 County Rd, Windsor, VT 05089, United States",http://www.dartmouth-hitchcock.org,Google_Maps_veterinarian Hartford VT
Kristin Patterson,Kristin,Patterson,,+1 (802) 773-4771,"159 River Street, Rutland, Vermont, 05701",,VVMA_directory
Pamela J Perry,Pamela,Perry,,+1 (802) 878-2022,"158 Hurricane Lane, Williston, Vermont, 5495",http://www.peakveterinary.com,VVMA_directory
Steve,Dru,Pollinger,,+1 (802) 278-1500,"PO Box 36, Fair Haven, Vermont, 05743",,VVMA_directory
HSCC,Elizabeth,Poulsen,,+1 (802) 425-2817,"143 Kindness Court, South Burlington, Vermont, 05403",,VVMA_directory
Oxbow Vet Clinic,Virginia,Prince,,+1 (603) 675-2129,"18 Hilliard Rd, Cornish, New Hampshire, 03745",,VVMA_directory
Open Air Pet Repair,Patty,Pruitt,,+1 (802) 388-8303,Vermont,,VVMA_directory
Koch Raymond G DVM,Koch,Raymond G,,+1 (802) 362-3570,"îƒˆ 44 E Manchester Rd, Manchester Center, VT 05255, United States",,Google_Maps_veterinarian Manchester VT
Treat Robert E DVM,Treat,Robert E,greenmountain@greenmountainvet.com,+1 (802) 362-2620,"îƒˆ Rtes 11, Manchester, VT 05254, United States",https://www.greenmountainvet.com/our-doctors.pml,Google_Maps_veterinarian Manchester VT
Wendell Robert J DVM,Wendell,Robert J,eben@eyebytes.com,+1 (802) 362-2241,"îƒˆ 145 Harmony Ln, East Dorset, VT 05253, United States",https://aeolusvet.com/staff.php,Google_Maps_equine veterinarian Vermont
Gina Roberts,Gina,Roberts,,+1 (802) 295-6900,"829 Hartford Avenue, White River Jct., Vermont, 05001",http://www.veremedy.com,VVMA_directory
N/A,Milton,Robison,,,"PO Box 491, Swanton, Vermont, 05488",,VVMA_directory
Barton Veterinary Hospital,Judith,Robitaille-Dunklee,,+1 (802) 525-3644,"290 Elm Street, Barton, Vermont, 05822",,VVMA_directory
Osinchuk Roger DVM,Osinchuk,Roger,crossborderequine@gmail.com,+1 (802) 885-4883,"îƒˆ Parker Hill Rd, Springfield, VT 05156, United States",https://crossborderequine.com,Google_Maps_veterinarian Hartford VT
Mike,Michael,Romp,,+1 (802) 393-2011,"VA National Center for PTSD, Executive Division, White River Jct, Vermont, 05009",,VVMA_directory
Nicole Rose,Matthew,Rose,,+1 (802) 758-2545,"4295 Route 22A, Bridport, Vermont, 05734",,VVMA_directory
Dancing Dragon Animal Health,Rhiannon,S. Woolwich-Holzman,,+1 (802) 375-9376,"PO Box 1053, Manchester Center, Vermont, 05255",http://www.dancingdragonanimalhealth.com,VVMA_directory
"Sally E Schlueter, DVM",Sally,Schlueter,,,"1161 Portland Street, Saint Johnsbury, Vermont, 05819",,VVMA_directory
Dr. Karen Schonberg,Karen,Schonberg,,,"140 Murray Hill Dr, Unit 29, Montpelier, Vermont, 05602",,VVMA_directory
Kurt Schulz,Kurt,Schulz,,+1 (802) 878-2022,"158 Hurricane Lane, Williston, Vermont, 05495",http://www.peakveterinaryreferral.com,VVMA_directory
"Britt Shorter, DVM",Brittain,Shorter,,+1 (802) 878-3713,"5866 Roosevelt Hwy, Colchester, Vermont, 05446",,VVMA_directory
Dr Skilling Mobile Vet,Heather,Skilling,,+1 (802) 848-2016,"44 Main Street, Apt 302, Richford, Vermont, 05476",http://www.mobilevetvt.com.,VVMA_directory
Amanda Spector,Amanda,Spector,,+1 (802) 860-2287,"Affectionately Cats, Williston, Vermont, 05495",,VVMA_directory
Sarah Spencer,Sarah,Spencer,,+1 (802) 505-9639,"209 Bobbin Mill Road, Warren, Vermont, 05674",http://www.bobbinmillvet.com,VVMA_directory
Amy St Denis,Amy,St. Denis,,,"3447 Vermont Route 66, Randolph Center, Vermont, 05061",,VVMA_directory
Jos Steenbergen,Josef,Steenbergen,,+1 (802) 775-4333,"PO BOX 38, N Clarendon, Vermont, 05759",http://www.clarendonanimalclinic.vetsuite.com,VVMA_directory
Jennifer Steeves,Jennifer,Steeves,,+1 (518) 618-9244,"441 Ryan Road, Greenwich, New York, 12834",,VVMA_directory
"Tom Stuwe, DVM, PC",Tom,Stuwe,,+1 (802) 479-0444,"38 Belding Road, Barre, Vermont, 05641",http://www.tomstuwedvm.com,VVMA_directory
Full Circle Home Veterinary Care,Scott,Sutor,,+1 (802) 881-0220,"2273 Arnold District, Brandon, Vermont, 05733",,VVMA_directory
Cihocki Thomas DVM,Cihocki,Thomas,,+1 (802) 476-4151,"îƒˆ 676 S Barre Rd, Barre, VT 05641, United States",,Google_Maps_veterinarian Barre VT
Petit Brook Veterinary Clinic,Melissa,Trayah,,+1 (802) 878-3713,"5866 Roosevelt Hwy, Colchester, Vermont, 05446",,VVMA_directory
Dr. Robert Treat Jr.,Robert,Treat .,,+1 (802) 362-2620,"48 Treat Hill Road, Manchester, Vermont, 05255",http://www.greenmountainvet.com,VVMA_directory
Wildlife Habitat Services,Reginald,Tschorn,,+1 (802) 379-5628,"903 Wuerslin Road, Arlington, Vermont, 05250",,VVMA_directory
Dr. Susan M Tullar,Susan,Tullar,,+1 (802) 222-4903,"176 Waits River Road, Bradford, Vermont, 05033",http://bradfordvet.com,VVMA_directory
Janine Vrba,JANINE,VRBA,,+1 (802) 878-7790,"2040 VT Route 128, WESTFORD, Vermont, 05494",,VVMA_directory
Riverside Vet Care: Jex Sandra DVM,Riverside,Vet Care: Jex Sandra,riversidevetcare@gmail.com,+1 (802) 228-5700,"îƒˆ 185 Main St, Ludlow, VT 05149, United States",https://riversidevetcare.com,Google_Maps_veterinarian Hartford VT
Riverside Vet Care: Mcnutt Heath DVM,Riverside,Vet Care: Mcnutt Heath,,+1 (802) 228-5700,"îƒˆ 185 Main St, Ludlow, VT 05149, United States",,Google_Maps_veterinarian Hartford VT
Rutland Veterinarian Clinic: Crossman Robin DVM,Rutland,Veterinarian Clinic: Crossman Robin,,+1 (802) 773-2779,"îƒˆ 90 E Pittsford Rd, Rutland, VT 05701, United States",,Google_Maps_veterinarian Rutland VT
Ark Veterinary Hospital: Urband Paul DVM,Ark,Veterinary Hospital: Urband Paul,arkvh@yourvetdoc.com,+1 (802) 985-5233,"îƒˆ 5070 Shelburne Rd # 5, Shelburne, VT 05482, United States",https://arkvet.vet,Google_Maps_veterinarian Shelburne VT
"Department of Animal and Veterinary Sciences, University of Vermont",Steve,Wadsworth,,,Vermont,,VVMA_directory
Lynks Group - Veterinary Imaging,Lynn,Walker,,+1 (802) 985-5315,"148 Cheesefactory Lane, Shelburne, Vermont, 05482",,VVMA_directory
Jacqueline Webb,Jacqueline,Webb,,,"142 Kindness Ct, South Burlington, Vermont, 05403",http://www.longtrailveterinarycenter.com,VVMA_directory
Cori Weiner,Cori,Weiner,,+1 (802) 434-4935,"233 East Main Street, Richmond, Vermont, 05477",,VVMA_directory
J. Drexel Wheeler DVM,Drexel,Wheeler,,+1 (802) 373-5479,"1790 FORREST ROAD, BRIDPORT, Vermont, 05734",,VVMA_directory
Sara White,Sara,White,,+1 (802) 356-6783,"163 Clay Hill Road, Hartland, Vermont, 05048",,VVMA_directory
Sheryl Wilkins,Sheryl,Wilkins,,,"380 Wilkins Rd, Fairfax, Vermont, 05454",,VVMA_directory
Heidi Winot,Heidi,Winot,,+1 (802) 365-9362,"720 VT Route 30, Newfane, Vermont, 05345",,VVMA_directory
Joshua Woolsey,Joshua,Woolsey,,,"125 Elfin Ln, Charlotte, Vermont, 05445",,VVMA_directory
Dr. Sonya Zehle,Sonya,Zehle,,+1 (802) 524-2051,"298 South Main St., St. Albans, Vermont, 05478",,VVMA_directory
